,pid,Gesamt,name,plz,place,Basisprämie,Umverteilungsprämie,Greening-Prämie,Erstattung nicht genutzter Mittel der Krisenreserve,Agrarumwelt- und Klimaschutzmaßnahmen,Ökologischer Landbau,Ausgleichszulage benachteiligte Gebiete,Befristete Sonderbeihilfe für Erzeuger der Tierhaltungssektoren,Junglandwirteprämie,Kleinerzeugerregelung
0,0ac7d57e-cada-4449-bb22-f5bbdeb69211,369568,"Schlötterer, Herbert",91586,Lichtenau,199814.0,51787.0,91121.0,1964.0,,,24882.0,,,
1,0c57fa25-30e4-4168-9664-78462a520bc8,394867,"Betz, Hans",91586,Lichtenau,183194.0,47480.0,83774.0,1575.0,43600.0,,35244.0,,,
2,0e6aa948-c378-4948-86c0-ca220df33892,127236,"Lierhammer-Witt, Inge",91586,Lichtenau,,,,,,,26108.0,,,101128.0
3,101ec631-4c12-4826-a15d-354ace7421be,1017822,"Hahn, Friedrich",91586,Lichtenau,475436.0,124231.0,218581.0,8508.0,98670.0,,92396.0,,,
4,13d97376-4e6a-4e8e-b3e9-f52d3a714cc4,1135331,"Scheuerpflug, Hans",91586,Lichtenau,581773.0,150046.0,267757.0,11003.0,101550.0,,23202.0,,,
5,1ebce52d-e1f6-45d1-a478-2ff58b32bf8f,824476,"Pfeifer, Erwin",91586,Lichtenau,410069.0,107051.0,188352.0,6956.0,12950.0,,99098.0,,,
6,25434464-6ea7-4d60-95d6-bdc826986aba,162298,"Heidingsfelder, Friedrich",91586,Lichtenau,85554.0,22487.0,39565.0,,,,14692.0,,,
7,2d00235a-8808-4444-8980-20c10a0b00ad,128186,"Haspel, Georg",91586,Lichtenau,,,,,,,20332.0,,,107854.0
8,2d004a14-aa24-42c7-93c5-0e0ee0884fae,256881,"Riegel, Daniel",91586,Lichtenau,73467.0,19310.0,33975.0,,85100.0,,27808.0,,17221.0,
9,2dad8570-a00a-4f92-9566-efb4c5871b33,3700623,"Bauer, Friedrich",91586,Lichtenau,1532286.0,193829.0,707330.0,30736.0,507480.0,,328962.0,400000.0,,
10,2ed16e9b-4f5f-4567-9013-f9bfccb24a1a,364730,"Fritsch, Hans",91586,Lichtenau,192826.0,49976.0,88032.0,1800.0,,,32096.0,,,
11,31745c29-65af-4d09-8b98-502867b46a57,1047034,"Schwab, Holger",91586,Lichtenau,408766.0,106708.0,187749.0,6925.0,257730.0,,79156.0,,,
12,32beec5e-d369-4c0e-a8e4-2a01a2576df9,138458,"Rauch, Martina",91586,Lichtenau,,,,,,,29302.0,,,109156.0
13,338b7ed7-acee-4181-b29e-fc5d4d9a5abe,587759,"Schwab, Werner",91586,Lichtenau,346379.0,90310.0,145807.0,5263.0,,,,,,
14,367b372f-068d-4906-99ab-dc45fdd32b67,863319,"Schmidtkunz, Robert",91586,Lichtenau,273563.0,71172.0,125223.0,3715.0,273970.0,,115676.0,,,
15,37a1ec56-0fec-4e81-9532-c6291a83529c,323539,"Heidingsfelder, Karl",91586,Lichtenau,107272.0,28196.0,49609.0,,100820.0,,37642.0,,,
16,39267c4e-036b-4e46-a0e6-7fcf181fb887,743577,"Ammon, Roland",91586,Lichtenau,331667.0,86443.0,152093.0,5094.0,116500.0,,51780.0,,,
17,3a040eee-2735-4c54-a08f-0162c3c39266,2886896,"Geiselseder-Wörlein, Michael",91586,Lichtenau,1492246.0,193829.0,688814.0,29930.0,159595.0,,322482.0,,,
18,42a42181-67ab-46de-8438-9eb0efe1ebcd,657471,"Link, Hans Gerhard",91586,Lichtenau,236132.0,61333.0,107912.0,2826.0,210870.0,,38398.0,,,
19,42e08959-009b-4825-9a4a-1a571ed5cae1,1562823,"Schwab, Rainer",91586,Lichtenau,764463.0,178853.0,352245.0,15076.0,47180.0,,205006.0,,,
20,44f54157-6e3e-4103-9d15-643bff7749bc,692497,"Betz, Wilfried",91586,Lichtenau,124648.0,32552.0,57644.0,600.0,398910.0,,49332.0,,28811.0,
21,47ee48ba-5b92-459a-89f2-3bf6713075f5,2880095,"Buckel, Rainer",91586,Lichtenau,1368590.0,193829.0,631629.0,27441.0,153050.0,,305556.0,200000.0,,
22,54f5df60-35a6-4ed7-bed1-6a10e30b7f96,1351610,"Heinlein, Andrea",91586,Lichtenau,717905.0,171512.0,320981.0,13904.0,,,127308.0,,,
23,5ed5a772-0590-4825-8f4a-c4dde652d2b1,1081154,"Fischer, Angelika",91586,Lichtenau,288834.0,75185.0,132285.0,4077.0,242550.0,230139.0,108084.0,,,
24,600b8c91-be50-4222-a4d7-a3f3d974baf4,3122170,"Ammon, Friedrich",91586,Lichtenau,858136.0,193624.0,395565.0,17165.0,96445.0,1219491.0,341744.0,,,
25,6c3b9954-21ae-46af-8ede-e265d47ab88c,611852,"Mahringer, Lothar",91586,Lichtenau,307271.0,80030.0,140812.0,4515.0,,,79224.0,,,
26,6f665905-8fd0-401a-9a9c-aff54ac1ab65,2367914,"Emmert, Hermann",91586,Lichtenau,1092599.0,193829.0,503994.0,21886.0,230000.0,,325606.0,,,
27,7330c2a2-0273-489a-8a0f-01b517e8b87c,1885664,"Schiefer, Reinhold",91586,Lichtenau,981048.0,193829.0,452406.0,19641.0,,,238740.0,,,
28,7a456b11-7a25-48b8-9500-b32f4d12f1d8,700591,"Blank, Jürgen",91586,Lichtenau,361649.0,94323.0,165959.0,5806.0,,,72854.0,,,
29,7d97d93c-29b6-49a1-88e7-c06a833f1dfd,2387109,"Schwab, Martin",91586,Lichtenau,851432.0,192566.0,392464.0,19753.0,,,229466.0,502500.0,198928.0,
30,83ef5346-df15-46c7-9812-a79eecda7a85,3476365,"Lang, Heinz",91586,Lichtenau,1840867.0,193829.0,850037.0,36946.0,55300.0,,499386.0,,,
31,8da6245e-1279-4f37-af33-5076cf149ed7,445907,"Körner, Erich",91586,Lichtenau,242463.0,62997.0,110841.0,2976.0,,,26630.0,,,
32,8dc1f82a-3f3f-4973-b2f7-fbdeb4e342dc,792417,"Domscheit, Robert",91586,Lichtenau,335578.0,87471.0,153903.0,5187.0,127840.0,,82438.0,,,
33,979b0400-6b10-403a-8efe-5f15bd29e131,1861578,"Dankmeier, Reinhold",91586,Lichtenau,786625.0,182347.0,362493.0,15570.0,333445.0,,181098.0,,,
34,99b6ab13-3c2f-4084-9f5d-0eafb8b23702,873613,"Appold, Bernd",91586,Lichtenau,317327.0,82674.0,145462.0,4754.0,223980.0,,99416.0,,,
35,9b777366-4a2f-4e69-ab0c-5b33ba77fd15,538751,"Leuchs, Helmut",91586,Lichtenau,229985.0,59717.0,105071.0,2680.0,79680.0,,61618.0,,,
36,9f633ba7-d4ae-4757-8cab-fd879ea032a2,230343,"Eschenbacher, Manfred",91586,Lichtenau,125403.0,32733.0,57994.0,221.0,,,13992.0,,,
37,a1f3e004-e19f-4a1e-af24-3d8e3363ccd8,582708,"Dietz, Werner",91586,Lichtenau,249912.0,64954.0,114285.0,3153.0,67180.0,,83224.0,,,
38,b0f6605c-78bf-4167-b829-4d8d57865eac,310160,"Messerer, Martin",91586,Lichtenau,179795.0,46599.0,82271.0,1495.0,,,,,,
39,b12fce50-74df-429f-a34b-d4e6ee4f500a,4091156,Bierlein GbR,91586,Lichtenau,2108106.0,193829.0,973624.0,47731.0,,,374986.0,,392880.0,
40,b57621d8-07c0-4653-b541-4b0f6fdace8a,1055735,"Rottler, Dieter",91586,Lichtenau,367981.0,95988.0,168888.0,5956.0,336500.0,,80422.0,,,
41,bd55bac1-e612-49e4-adb8-a9cf0ef19a53,574853,"Reinhardt, Matthias",91586,Lichtenau,248795.0,64661.0,113769.0,3126.0,71030.0,,73472.0,,,
42,bfad9ffc-8d61-466d-9d4e-c92089a533ef,929848,"Großmann, Helmut",91586,Lichtenau,461841.0,120658.0,212294.0,8185.0,,,126870.0,,,
43,c1539d5d-ccc3-452e-831d-d73e5a4981bf,909211,"Nölp, Werner",91586,Lichtenau,344889.0,89919.0,158209.0,5408.0,248910.0,,61876.0,,,
44,c2712467-7acb-4c1b-ac06-ed61a96b00e9,1623228,Ernst u Werner Birnbaum GBR,91586,Lichtenau,830016.0,189190.0,382560.0,16538.0,,,204924.0,,,
45,c358d5fa-3b01-44e5-9e4e-281849c33720,1211511,"Rieger, Karlheinz",91586,Lichtenau,585870.0,150692.0,269653.0,11094.0,21500.0,,172702.0,,,
46,d286cf4b-bcb7-40e0-adf0-622900e453bd,702763,"Fischer, Monika",91586,Lichtenau,351034.0,91534.0,161051.0,5554.0,,,93590.0,,,
47,d4666648-f82d-4fbb-b883-e6f3e300d6af,256089,"Irion, Karl",91586,Lichtenau,148444.0,38473.0,68411.0,761.0,,,,,,
48,e6a259a4-f72a-49ce-bc06-52839376c450,1314458,"Dankmeier, Gerhard",91586,Lichtenau,640062.0,159237.0,294714.0,12303.0,28400.0,,179742.0,,,
49,e8cabb7b-643e-44a3-b94b-10489c6071f5,1692894,"Heubeck, Matthias",91586,Lichtenau,857392.0,193506.0,395220.0,17148.0,25550.0,,204078.0,,,
50,f27139db-f3b4-4be3-a229-dedbe6bea25c,4726097,Eder & Herrmann GbR,91586,Lichtenau,1759113.0,193829.0,812229.0,40707.0,627025.0,,400314.0,500000.0,392880.0,
51,f475ca03-3a75-4b1e-a7c9-6f3baf926997,418688,"Späth, Karl-Heinz",91586,Lichtenau,89520.0,23529.0,41399.0,,222780.0,,41460.0,,,
52,f8351578-706e-47e8-94d6-a2fd3baf805a,1279647,"Stamminger, Jürgen",91586,Lichtenau,506722.0,132455.0,233050.0,9250.0,268810.0,,129360.0,,,
53,fb085760-e815-4bb0-8f08-a92ee569185d,409404,"Muser, Günter",91586,Lichtenau,123703.0,32327.0,57208.0,182.0,166250.0,,29734.0,,,
54,fe8cd54b-8b3b-45d9-bc48-d056ee7e6d44,454262,"Binder, Harald",91586,Lichtenau,222909.0,57857.0,101798.0,2512.0,,,69186.0,,,
